{"result":{"timestamp":"2024-11-04T18:43:11.662Z","parameters":{"slope":104.70898842536775,"intercept":-707.7968390804608},"predictions":[14370.297494172497,14475.006482597862,14579.715471023232,14684.424459448597,14789.133447873966,14893.842436299336,14998.551424724701,15103.26041315007,15207.969401575436,15312.678390000805]}}